bias,model,Epeak_line_Vcm,Epeak_global_Vcm,Ge,GeSem,Geh,GehSem,median,F,nCapEh,N,divergent,GeMedian
180,vodm,382230,383550,6.975,0.542468,117.43,29.0962,6,19.4177,1,300,0,4
180,okuto,382230,383550,7.455,0.567574,20.8267,2.49502,5,5.30556,0,300,0,5
180,massey,382230,383550,4.64,0.311532,9.71667,0.932672,4,3.76404,0,300,0,3
180,grant,382230,383550,12.02,0.957939,5060,1032.44,6716.5,1.33305,6,8,1,8
