bias,model,Epeak_line_Vcm,Epeak_global_Vcm,Ge,GeSem,Geh,GehSem,median,F,nCapEh,N,divergent,GeMedian
150,vodm,376189,377499,6.225,0.41391,27.16,4.4151,5,8.92763,0,300,0,4
150,okuto,376189,377499,6.155,0.435322,16.05,2.31666,4,7.25023,0,300,0,5
150,massey,376189,377499,4.475,0.3383,7.12,0.616835,3.5,3.25164,0,300,0,3
150,grant,376189,377499,8.93,0.779792,4254.44,1002.12,6309,1.49934,6,9,1,6
