bias,model,Epeak_line_Vcm,Epeak_global_Vcm,Ge,GeSem,Geh,GehSem,median,F,nCapEh,N,divergent,GeMedian
150,vodm,376189,377499,4.7,0.347491,28.7833,5.33038,4,11.2886,0,300,0,3
150,okuto,376189,377499,5.9,0.402368,13.5667,1.47456,5,4.54405,0,300,0,4
150,massey,376189,377499,3.69,0.262049,5.71667,0.433422,3,2.72448,0,300,0,2
150,grant,376189,377499,9.445,0.72162,3493.64,953.791,6243,1.81987,6,11,1,5
