bias,model,Epeak_line_Vcm,Epeak_global_Vcm,Ge,GeSem,Geh,GehSem,median,F,nCapEh,N,divergent,GeMedian
190,vodm,384965,385854,5.335,0.37837,451.677,78.9966,6,10.1766,21,300,0,3
190,okuto,384965,385854,7,0.58056,22.8067,2.75103,6,5.36504,0,300,0,4
190,massey,384965,385854,5.185,0.352142,10.0333,0.965261,3,3.77665,0,300,0,4
190,grant,384965,385854,12.76,1.09989,5906.57,911.65,6850,1.16676,6,7,1,6
